id;nom;prenom;photo;adresse;DateNaissance;Email;TelephonePortable
1;combet;hugo;photo1;1 rue de la jonchere;01/01/2000;email1@zz.fr;33614523698
2;sahed;thalia;photo2;2 rue de la jonchere;01/01/2000;email1@zz.fr;33614529698
3;grousseau;axel;photo3;3 rue de la jonchere;01/01/2000;email1@zz.fr;33614523698
4;girard;antoine;photo4;4 rue de la jonchere;01/01/2000;email1@zz.fr;33614523698
5;luiset;sylvain;photo5;5 rue de la jonchere;01/01/2000;email1@zz.fr;33614523698
6;hideux;damien;photo6;6 rue de la jonchere;01/01/2000;email1@zz.fr;33614523698
7;chamlieau;mael;photo7;7 rue de la jonchere;01/01/2000;email1@zz.fr;33614523698
8;renaud;max;photo8;8 rue de la jonchere;01/01/2000;email1@zz.fr;33614523698
9;defresnes;dimitri;photo9;9 rue de la jonchere;01/01/2000;email1@zz.fr;33614523698
10;popo;fafa;photo10;10 rue de la jonchere;01/01/2000;email1@zz.fr;33614523698
